{
  "version": 2,
  "data": {
    "abyssalcraft:abyssal_wastelands": "PLAINS",
    "abyssalcraft:coralium_infested_swamp": "SWAMP",
    "abyssalcraft:dark_realm": "PLAINS",
    "abyssalcraft:darklands": "PLAINS",
    "abyssalcraft:darklands_forest": "FOREST",
    "abyssalcraft:darklands_hills": "HILLS",
    "abyssalcraft:darklands_mountains": "MOUNTAINS_NAKED",
    "abyssalcraft:darklands_plains": "PLAINS",
    "abyssalcraft:dreadlands": "PLAINS",
    "abyssalcraft:dreadlands_forest": "PLAINS",
    "abyssalcraft:dreadlands_mountains": "PLAINS",
    "abyssalcraft:omothol": "PLAINS",
    "abyssalcraft:purged": "PLAINS",
    "abyssalcraft:purified_dreadlands": "PLAINS",
    "atum:dead_oasis": "PLAINS",
    "atum:deadwood_forest": "SPARSE_FOREST",
    "atum:dried_river": "WATER",
    "atum:limestone_crags": "DESERT_HILLS",
    "atum:limestone_mountains": "MOUNTAINS_NAKED",
    "atum:oasis": "PLAINS",
    "atum:sand_dunes": "DESERT_HILLS",
    "atum:sand_hills": "DESERT_HILLS",
    "atum:sand_plains": "DESERT",
    "iceandfire:glacier": "SNOW",
    "minecraft:beaches": "SHORE",
    "minecraft:birch_forest": "BIRCH",
    "minecraft:birch_forest_hills": "BIRCH_HILLS",
    "minecraft:cold_beach": "SHORE",
    "minecraft:deep_ocean": "WATER",
    "minecraft:desert": "DESERT",
    "minecraft:desert_hills": "DESERT_HILLS",
    "minecraft:extreme_hills": "MOUNTAINS",
    "minecraft:extreme_hills_with_trees": "MOUNTAINS_ALL",
    "minecraft:forest": "FOREST",
    "minecraft:forest_hills": "FOREST_HILLS",
    "minecraft:frozen_ocean": "ICE",
    "minecraft:frozen_river": "ICE",
    "minecraft:hell": "CAVE_WALLS",
    "minecraft:ice_flats": "SNOW",
    "minecraft:ice_mountains": "SNOW_HILLS",
    "minecraft:jungle": "JUNGLE",
    "minecraft:jungle_edge": "JUNGLE_EDGE",
    "minecraft:jungle_hills": "JUNGLE_HILLS",
    "minecraft:mesa": "MESA",
    "minecraft:mesa_clear_rock": "PLATEAU_MESA",
    "minecraft:mesa_rock": "PLATEAU_MESA_TREES",
    "minecraft:mushroom_island": "MUSHROOM",
    "minecraft:mushroom_island_shore": "SHORE",
    "minecraft:mutated_birch_forest": "TALL_BIRCH",
    "minecraft:mutated_birch_forest_hills": "TALL_BIRCH_HILLS",
    "minecraft:mutated_desert": "DESERT",
    "minecraft:mutated_extreme_hills": "MOUNTAINS_SNOW_CAPS",
    "minecraft:mutated_extreme_hills_with_trees": "MOUNTAINS_SNOW_CAPS",
    "minecraft:mutated_forest": "FOREST_FLOWERS",
    "minecraft:mutated_ice_flats": "ICE_SPIKES",
    "minecraft:mutated_jungle": "JUNGLE_CLIFFS",
    "minecraft:mutated_jungle_edge": "JUNGLE_EDGE_HILLS",
    "minecraft:mutated_mesa": "BRYCE",
    "minecraft:mutated_mesa_clear_rock": "PLATEAU_MESA_LOW",
    "minecraft:mutated_mesa_rock": "PLATEAU_MESA_TREES_LOW",
    "minecraft:mutated_plains": "SUNFLOWERS",
    "minecraft:mutated_redwood_taiga": "MEGA_SPRUCE",
    "minecraft:mutated_redwood_taiga_hills": "MEGA_SPRUCE_HILLS",
    "minecraft:mutated_roofed_forest": "DENSE_FOREST_HILLS",
    "minecraft:mutated_savanna": "SAVANNA_CLIFFS",
    "minecraft:mutated_savanna_rock": "PLATEAU_SAVANNA_M",
    "minecraft:mutated_swampland": "SWAMP_HILLS",
    "minecraft:mutated_taiga": "PINES_HILLS",
    "minecraft:mutated_taiga_cold": "SNOW_PINES_HILLS",
    "minecraft:ocean": "WATER",
    "minecraft:plains": "PLAINS",
    "minecraft:redwood_taiga": "MEGA_TAIGA",
    "minecraft:redwood_taiga_hills": "MEGA_TAIGA_HILLS",
    "minecraft:river": "WATER",
    "minecraft:roofed_forest": "DENSE_FOREST",
    "minecraft:savanna": "SAVANNA",
    "minecraft:savanna_rock": "PLATEAU_SAVANNA",
    "minecraft:sky": "SHORE",
    "minecraft:smaller_extreme_hills": "MOUNTAINS",
    "minecraft:stone_beach": "ROCK_SHORE",
    "minecraft:swampland": "SWAMP",
    "minecraft:taiga": "PINES",
    "minecraft:taiga_cold": "SNOW_PINES",
    "minecraft:taiga_cold_hills": "SNOW_PINES_HILLS",
    "minecraft:taiga_hills": "PINES_HILLS",
    "minecraft:void": "END_VOID",
    "netherex:arctic_abyss": "SNOW",
    "netherex:fungi_forest": "SAVANNA",
    "netherex:ruthless_sands": "SAVANNA",
    "netherex:torrid_wasteland": "SAVANNA",
    "pvj:aspen_grove": "FOREST",
    "pvj:blossoming_fields": "FOREST",
    "pvj:boreal_forest": "PINES",
    "pvj:overgrown_spires": "JUNGLE",
    "pvj:prairie": "PLAINS",
    "pvj:redwood_peaks": "PINES_HILLS",
    "pvj:redwoods": "PINES",
    "pvj:snowy_boreal_forest": "PINES",
    "pvj:willow_swamp": "SWAMP",
    "randomthings:spectral": "PLAINS",
    "rats:ratlantis": "JUNGLE",
    "thaumcraft:eerie": "PLAINS",
    "thaumcraft:eldritch": "PLAINS",
    "thaumcraft:magical_forest": "FOREST",
    "thaumicaugmentation:emptiness": "PLAINS",
    "thaumicaugmentation:emptiness_highlands": "MOUNTAINS_NAKED",
    "thaumicaugmentation:tainted_lands": "PLAINS",
    "thebetweenlands:coarse_islands": "SWAMP",
    "thebetweenlands:deep_waters": "SWAMP",
    "thebetweenlands:marsh_0": "SWAMP",
    "thebetweenlands:marsh_1": "SWAMP",
    "thebetweenlands:patchy_islands": "SWAMP",
    "thebetweenlands:raised_isles": "SWAMP",
    "thebetweenlands:sludge_plains": "SWAMP",
    "thebetweenlands:sludge_plains_clearing": "SWAMP",
    "thebetweenlands:swamplands": "SWAMP",
    "thebetweenlands:swamplands_clearing": "SWAMP",
    "vampirism:vampireforest": "DENSE_FOREST"
  }
}